threshold,precision,recall,specificity,f1_score
0.0,0.1969,1.0,0.0,0.329
0.0015,0.203,1.0,0.0374,0.3375
0.0017,0.2033,1.0,0.0393,0.338
0.0019,0.2038,1.0,0.0421,0.3386
0.0022,0.2035,0.9961,0.0441,0.338
0.0022,0.2042,0.9961,0.0479,0.3389
0.0027,0.2043,0.9961,0.0489,0.3391
0.0029,0.2058,0.9961,0.0575,0.3411
0.003,0.206,0.9961,0.0584,0.3414
0.0031,0.2068,0.9961,0.0632,0.3425
0.0031,0.2075,0.9961,0.067,0.3434
0.0033,0.2077,0.9961,0.068,0.3437
0.004,0.2088,0.9961,0.0747,0.3453
0.0045,0.209,0.9961,0.0757,0.3455
0.0045,0.2092,0.9961,0.0766,0.3458
0.0046,0.2097,0.9961,0.0795,0.3465
0.0047,0.2099,0.9961,0.0805,0.3467
0.0047,0.21,0.9961,0.0814,0.3469
0.0048,0.2102,0.9961,0.0824,0.3472
0.0049,0.2104,0.9961,0.0833,0.3474
0.0049,0.2106,0.9961,0.0843,0.3476
0.0049,0.2109,0.9961,0.0862,0.3481
0.005,0.2113,0.9961,0.0881,0.3486
0.0052,0.2114,0.9961,0.0891,0.3488
0.0052,0.2116,0.9961,0.09,0.3491
0.0053,0.2118,0.9961,0.091,0.3493
0.0053,0.212,0.9961,0.092,0.3496
0.0054,0.2121,0.9961,0.0929,0.3498
0.0054,0.2123,0.9961,0.0939,0.35
0.0054,0.2125,0.9961,0.0948,0.3503
0.0056,0.213,0.9961,0.0977,0.351
0.0056,0.2134,0.9961,0.0996,0.3515
0.0058,0.2139,0.9961,0.1025,0.3522
0.006,0.2141,0.9961,0.1034,0.3525
0.006,0.2143,0.9961,0.1044,0.3527
0.0062,0.2156,0.9961,0.1111,0.3544
0.0063,0.2157,0.9961,0.1121,0.3547
0.0063,0.2159,0.9961,0.113,0.3549
0.0064,0.2163,0.9961,0.1149,0.3554
0.0066,0.2167,0.9961,0.1169,0.3559
0.0067,0.2168,0.9961,0.1178,0.3561
0.0068,0.217,0.9961,0.1188,0.3564
0.007,0.2172,0.9961,0.1197,0.3566
0.0073,0.2174,0.9961,0.1207,0.3569
0.0073,0.2176,0.9961,0.1216,0.3571
0.0074,0.2178,0.9961,0.1226,0.3574
0.0076,0.2179,0.9961,0.1236,0.3576
0.0077,0.2183,0.9961,0.1255,0.3581
0.0078,0.2185,0.9961,0.1264,0.3584
0.0079,0.2187,0.9961,0.1274,0.3586
0.008,0.2189,0.9961,0.1284,0.3589
0.0083,0.2191,0.9961,0.1293,0.3592
0.0083,0.2194,0.9961,0.1312,0.3597
0.0084,0.22,0.9961,0.1341,0.3604
0.0084,0.2202,0.9961,0.1351,0.3607
0.0086,0.2204,0.9961,0.136,0.3609
0.0087,0.2206,0.9961,0.137,0.3612
0.0087,0.2208,0.9961,0.1379,0.3614
0.0089,0.221,0.9961,0.1389,0.3617
0.0089,0.2212,0.9961,0.1398,0.362
0.009,0.2214,0.9961,0.1408,0.3622
0.0091,0.2217,0.9961,0.1427,0.3627
0.0093,0.2219,0.9961,0.1437,0.363
0.0095,0.2221,0.9961,0.1446,0.3632
0.0096,0.2223,0.9961,0.1456,0.3635
0.0099,0.2225,0.9961,0.1466,0.3638
0.01,0.2227,0.9961,0.1475,0.364
0.01,0.2229,0.9961,0.1485,0.3643
0.0102,0.2231,0.9961,0.1494,0.3645
0.0103,0.2233,0.9961,0.1504,0.3648
0.0103,0.2237,0.9961,0.1523,0.3653
0.0104,0.2239,0.9961,0.1533,0.3656
0.0104,0.2241,0.9961,0.1542,0.3659
0.0105,0.2243,0.9961,0.1552,0.3661
0.0105,0.2245,0.9961,0.1561,0.3664
0.0106,0.2247,0.9961,0.1571,0.3666
0.0106,0.2249,0.9961,0.158,0.3669
0.0107,0.2251,0.9961,0.159,0.3672
0.0107,0.2253,0.9961,0.16,0.3674
0.0107,0.2255,0.9961,0.1609,0.3677
0.0109,0.2259,0.9961,0.1628,0.3682
0.011,0.2263,0.9961,0.1648,0.3688
0.0111,0.2265,0.9961,0.1657,0.369
0.0111,0.2267,0.9961,0.1667,0.3693
0.0111,0.2269,0.9961,0.1676,0.3696
0.0113,0.2271,0.9961,0.1686,0.3698
0.0114,0.2273,0.9961,0.1695,0.3701
0.0114,0.2275,0.9961,0.1705,0.3704
0.0114,0.2277,0.9961,0.1715,0.3706
0.0118,0.2279,0.9961,0.1724,0.3709
0.012,0.2281,0.9961,0.1734,0.3712
0.0123,0.2283,0.9961,0.1743,0.3714
0.0124,0.2285,0.9961,0.1753,0.3717
0.0126,0.2287,0.9961,0.1762,0.372
0.0126,0.2289,0.9961,0.1772,0.3723
0.0127,0.2293,0.9961,0.1791,0.3728
0.0127,0.2295,0.9961,0.1801,0.3731
0.0128,0.2297,0.9961,0.181,0.3734
0.0128,0.2299,0.9961,0.182,0.3736
0.0129,0.2301,0.9961,0.183,0.3739
0.013,0.2304,0.9961,0.1839,0.3742
0.013,0.2308,0.9961,0.1858,0.3747
0.0131,0.231,0.9961,0.1868,0.375
0.0132,0.2312,0.9961,0.1877,0.3753
0.0132,0.2316,0.9961,0.1897,0.3758
0.0134,0.2318,0.9961,0.1906,0.3761
0.0134,0.232,0.9961,0.1916,0.3764
0.0134,0.2322,0.9961,0.1925,0.3767
0.0135,0.2325,0.9961,0.1935,0.3769
0.0136,0.2327,0.9961,0.1944,0.3772
0.0136,0.2329,0.9961,0.1954,0.3775
0.0138,0.2331,0.9961,0.1964,0.3778
0.0138,0.2333,0.9961,0.1973,0.3781
0.0139,0.2335,0.9961,0.1983,0.3783
0.0141,0.2337,0.9961,0.1992,0.3786
0.0144,0.2339,0.9961,0.2002,0.3789
0.0146,0.2342,0.9961,0.2011,0.3792
0.0147,0.2344,0.9961,0.2021,0.3795
0.0152,0.2346,0.9961,0.2031,0.3797
0.0152,0.2348,0.9961,0.204,0.38
0.0153,0.235,0.9961,0.205,0.3803
0.0153,0.2352,0.9961,0.2059,0.3806
0.0153,0.2355,0.9961,0.2069,0.3809
0.0156,0.2357,0.9961,0.2079,0.3812
0.0156,0.2359,0.9961,0.2088,0.3815
0.0159,0.2361,0.9961,0.2098,0.3817
0.016,0.2363,0.9961,0.2107,0.382
0.0161,0.2365,0.9961,0.2117,0.3823
0.0163,0.2368,0.9961,0.2126,0.3826
0.0164,0.237,0.9961,0.2136,0.3829
0.0166,0.2374,0.9961,0.2155,0.3835
0.0166,0.2377,0.9961,0.2165,0.3837
0.017,0.2379,0.9961,0.2174,0.384
0.0173,0.2381,0.9961,0.2184,0.3843
0.0174,0.2383,0.9961,0.2193,0.3846
0.0176,0.2385,0.9961,0.2203,0.3849
0.0178,0.2388,0.9961,0.2213,0.3852
0.0178,0.239,0.9961,0.2222,0.3855
0.0178,0.2392,0.9961,0.2232,0.3858
0.0179,0.2394,0.9961,0.2241,0.3861
0.018,0.2397,0.9961,0.2251,0.3864
0.0181,0.2399,0.9961,0.2261,0.3867
0.0181,0.2401,0.9961,0.227,0.3869
0.0182,0.2403,0.9961,0.228,0.3872
0.0184,0.2406,0.9961,0.2289,0.3875
0.0185,0.2408,0.9961,0.2299,0.3878
0.0186,0.241,0.9961,0.2308,0.3881
0.0187,0.2412,0.9961,0.2318,0.3884
0.0187,0.2415,0.9961,0.2328,0.3887
0.0189,0.2417,0.9961,0.2337,0.389
0.019,0.2419,0.9961,0.2347,0.3893
0.019,0.2422,0.9961,0.2356,0.3896
0.019,0.2424,0.9961,0.2366,0.3899
0.0191,0.2426,0.9961,0.2375,0.3902
0.0195,0.2429,0.9961,0.2385,0.3905
0.0195,0.2431,0.9961,0.2395,0.3908
0.0195,0.2433,0.9961,0.2404,0.3911
0.0196,0.2436,0.9961,0.2414,0.3914
0.0196,0.2438,0.9961,0.2423,0.3917
0.0197,0.244,0.9961,0.2433,0.392
0.0197,0.2443,0.9961,0.2443,0.3923
0.0199,0.2445,0.9961,0.2452,0.3926
0.02,0.245,0.9961,0.2471,0.3932
0.02,0.2452,0.9961,0.2481,0.3935
0.02,0.2454,0.9961,0.249,0.3938
0.0201,0.2457,0.9961,0.25,0.3941
0.0204,0.2459,0.9961,0.251,0.3944
0.0205,0.2461,0.9961,0.2519,0.3947
0.0208,0.2464,0.9961,0.2529,0.395
0.0209,0.2466,0.9961,0.2538,0.3953
0.021,0.2469,0.9961,0.2548,0.3957
0.0211,0.2471,0.9961,0.2557,0.396
0.0212,0.2473,0.9961,0.2567,0.3963
0.0213,0.2476,0.9961,0.2577,0.3966
0.0218,0.2478,0.9961,0.2586,0.3969
0.0219,0.2481,0.9961,0.2596,0.3972
0.0219,0.2483,0.9961,0.2605,0.3975
0.022,0.2485,0.9961,0.2615,0.3978
0.0221,0.2488,0.9961,0.2625,0.3981
0.0223,0.249,0.9961,0.2634,0.3984
0.0224,0.2493,0.9961,0.2644,0.3987
0.0226,0.2495,0.9961,0.2653,0.3991
0.0228,0.2498,0.9961,0.2663,0.3994
0.0231,0.25,0.9961,0.2672,0.3997
0.0232,0.2502,0.9961,0.2682,0.4
0.0232,0.2505,0.9961,0.2692,0.4003
0.0236,0.2507,0.9961,0.2701,0.4006
0.0238,0.251,0.9961,0.2711,0.4009
0.0239,0.2502,0.9922,0.2711,0.3997
0.0239,0.2505,0.9922,0.272,0.4
0.0243,0.2507,0.9922,0.273,0.4003
0.0245,0.251,0.9922,0.2739,0.4006
0.0245,0.2512,0.9922,0.2749,0.4009
0.0246,0.2515,0.9922,0.2759,0.4013
0.0248,0.2517,0.9922,0.2768,0.4016
0.0249,0.252,0.9922,0.2778,0.4019
0.0251,0.2522,0.9922,0.2787,0.4022
0.0252,0.2525,0.9922,0.2797,0.4025
0.0255,0.2527,0.9922,0.2807,0.4029
0.0259,0.253,0.9922,0.2816,0.4032
0.026,0.2532,0.9922,0.2826,0.4035
0.0261,0.2535,0.9922,0.2835,0.4038
0.0261,0.2537,0.9922,0.2845,0.4041
0.0263,0.254,0.9922,0.2854,0.4045
0.0267,0.2543,0.9922,0.2864,0.4048
0.0268,0.2535,0.9883,0.2864,0.4035
0.0268,0.2538,0.9883,0.2874,0.4038
0.0269,0.254,0.9883,0.2883,0.4042
0.0272,0.2543,0.9883,0.2893,0.4045
0.0273,0.2545,0.9883,0.2902,0.4048
0.0275,0.2548,0.9883,0.2912,0.4051
0.0277,0.255,0.9883,0.2921,0.4054
0.0279,0.2553,0.9883,0.2931,0.4058
0.028,0.2556,0.9883,0.2941,0.4061
0.0281,0.2558,0.9883,0.295,0.4064
0.0281,0.2561,0.9883,0.296,0.4068
0.0281,0.2563,0.9883,0.2969,0.4071
0.0284,0.2566,0.9883,0.2979,0.4074
0.0285,0.2569,0.9883,0.2989,0.4077
0.0285,0.2571,0.9883,0.2998,0.4081
0.0285,0.2574,0.9883,0.3008,0.4084
0.029,0.2576,0.9883,0.3017,0.4087
0.0291,0.2579,0.9883,0.3027,0.4091
0.0291,0.2582,0.9883,0.3036,0.4094
0.0294,0.2584,0.9883,0.3046,0.4097
0.0298,0.2587,0.9883,0.3056,0.41
0.0298,0.259,0.9883,0.3065,0.4104
0.0302,0.2592,0.9883,0.3075,0.4107
0.0304,0.2595,0.9883,0.3084,0.411
0.0304,0.26,0.9883,0.3103,0.4117
0.0304,0.2603,0.9883,0.3113,0.4121
0.0307,0.2606,0.9883,0.3123,0.4124
0.0309,0.2608,0.9883,0.3132,0.4127
0.0309,0.2611,0.9883,0.3142,0.4131
0.031,0.2614,0.9883,0.3151,0.4134
0.0314,0.2616,0.9883,0.3161,0.4137
0.0317,0.2619,0.9883,0.317,0.4141
0.0321,0.2622,0.9883,0.318,0.4144
0.0321,0.2624,0.9883,0.319,0.4148
0.0323,0.2627,0.9883,0.3199,0.4151
0.0325,0.263,0.9883,0.3209,0.4154
0.0326,0.2633,0.9883,0.3218,0.4158
0.0328,0.2635,0.9883,0.3228,0.4161
0.0329,0.2638,0.9883,0.3238,0.4165
0.0333,0.2641,0.9883,0.3247,0.4168
0.0334,0.2644,0.9883,0.3257,0.4171
0.0337,0.2646,0.9883,0.3266,0.4175
0.0338,0.2649,0.9883,0.3276,0.4178
0.0339,0.2652,0.9883,0.3285,0.4182
0.034,0.2655,0.9883,0.3295,0.4185
0.0344,0.2658,0.9883,0.3305,0.4189
0.0345,0.266,0.9883,0.3314,0.4192
0.0347,0.2663,0.9883,0.3324,0.4196
0.0348,0.2655,0.9844,0.3324,0.4183
0.0349,0.2658,0.9844,0.3333,0.4186
0.0354,0.2661,0.9844,0.3343,0.419
0.0357,0.2664,0.9844,0.3352,0.4193
0.0358,0.2667,0.9844,0.3362,0.4197
0.0358,0.2672,0.9844,0.3381,0.4204
0.0359,0.2678,0.9844,0.34,0.4211
0.036,0.2681,0.9844,0.341,0.4214
0.0361,0.2684,0.9844,0.342,0.4218
0.0362,0.2687,0.9844,0.3429,0.4221
0.0363,0.2689,0.9844,0.3439,0.4225
0.0364,0.2692,0.9844,0.3448,0.4228
0.0369,0.2695,0.9844,0.3458,0.4232
0.0371,0.2698,0.9844,0.3467,0.4235
0.0371,0.2701,0.9844,0.3477,0.4239
0.0371,0.2704,0.9844,0.3487,0.4242
0.0372,0.2707,0.9844,0.3496,0.4246
0.0372,0.271,0.9844,0.3506,0.425
0.0374,0.2713,0.9844,0.3515,0.4253
0.0378,0.2716,0.9844,0.3525,0.4257
0.0381,0.2718,0.9844,0.3534,0.426
0.0381,0.2721,0.9844,0.3544,0.4264
0.0381,0.2724,0.9844,0.3554,0.4268
0.0382,0.2727,0.9844,0.3563,0.4271
0.0383,0.273,0.9844,0.3573,0.4275
0.0383,0.2733,0.9844,0.3582,0.4278
0.0384,0.2739,0.9844,0.3602,0.4286
0.0387,0.2742,0.9844,0.3611,0.4289
0.0387,0.2745,0.9844,0.3621,0.4293
0.0387,0.2748,0.9844,0.363,0.4297
0.039,0.2751,0.9844,0.364,0.43
0.0391,0.2754,0.9844,0.3649,0.4304
0.0393,0.2757,0.9844,0.3659,0.4308
0.0399,0.276,0.9844,0.3669,0.4311
0.04,0.2763,0.9844,0.3678,0.4315
0.0402,0.2766,0.9844,0.3688,0.4319
0.0403,0.2772,0.9844,0.3707,0.4326
0.0404,0.2775,0.9844,0.3716,0.433
0.041,0.2778,0.9844,0.3726,0.4334
0.0411,0.2781,0.9844,0.3736,0.4337
0.0412,0.2785,0.9844,0.3745,0.4341
0.0413,0.2791,0.9844,0.3764,0.4349
0.0416,0.2794,0.9844,0.3774,0.4352
0.0419,0.28,0.9844,0.3793,0.436
0.0421,0.2803,0.9844,0.3803,0.4364
0.0422,0.2806,0.9844,0.3812,0.4367
0.0424,0.2809,0.9844,0.3822,0.4371
0.0431,0.2812,0.9844,0.3831,0.4375
0.0432,0.2816,0.9844,0.3841,0.4379
0.0433,0.2819,0.9844,0.3851,0.4383
0.0433,0.2822,0.9844,0.386,0.4386
0.0433,0.2825,0.9844,0.387,0.439
0.0433,0.2828,0.9844,0.3879,0.4394
0.0433,0.2831,0.9844,0.3889,0.4398
0.0435,0.2835,0.9844,0.3898,0.4402
0.0438,0.2838,0.9844,0.3908,0.4406
0.0439,0.2841,0.9844,0.3918,0.4409
0.0441,0.2844,0.9844,0.3927,0.4413
0.0442,0.2851,0.9844,0.3946,0.4421
0.0442,0.2854,0.9844,0.3956,0.4425
0.0445,0.2857,0.9844,0.3966,0.4429
0.0448,0.286,0.9844,0.3975,0.4433
0.0448,0.2864,0.9844,0.3985,0.4437
0.0449,0.2867,0.9844,0.3994,0.4441
0.0449,0.287,0.9844,0.4004,0.4444
0.0457,0.2873,0.9844,0.4013,0.4448
0.0458,0.2877,0.9844,0.4023,0.4452
0.0461,0.288,0.9844,0.4033,0.4456
0.0463,0.2883,0.9844,0.4042,0.446
0.0466,0.2887,0.9844,0.4052,0.4464
0.0469,0.289,0.9844,0.4061,0.4468
0.0469,0.2893,0.9844,0.4071,0.4472
0.0469,0.2897,0.9844,0.408,0.4476
0.0469,0.29,0.9844,0.409,0.448
0.047,0.2903,0.9844,0.41,0.4484
0.0473,0.2907,0.9844,0.4109,0.4488
0.0473,0.291,0.9844,0.4119,0.4492
0.0475,0.2913,0.9844,0.4128,0.4496
0.0476,0.2917,0.9844,0.4138,0.45
0.0476,0.292,0.9844,0.4148,0.4504
0.0478,0.2923,0.9844,0.4157,0.4508
0.048,0.2927,0.9844,0.4167,0.4512
0.0481,0.293,0.9844,0.4176,0.4516
0.0481,0.2934,0.9844,0.4186,0.452
0.0482,0.2937,0.9844,0.4195,0.4524
0.0482,0.294,0.9844,0.4205,0.4528
0.0491,0.2944,0.9844,0.4215,0.4532
0.0493,0.2947,0.9844,0.4224,0.4536
0.0493,0.2951,0.9844,0.4234,0.4541
0.0499,0.2954,0.9844,0.4243,0.4545
0.05,0.2958,0.9844,0.4253,0.4549
0.0501,0.2961,0.9844,0.4262,0.4553
0.0506,0.2965,0.9844,0.4272,0.4557
0.051,0.2968,0.9844,0.4282,0.4561
0.0512,0.2972,0.9844,0.4291,0.4565
0.0512,0.2975,0.9844,0.4301,0.4569
0.0513,0.2979,0.9844,0.431,0.4574
0.0517,0.2982,0.9844,0.432,0.4578
0.0518,0.2986,0.9844,0.433,0.4582
0.0519,0.2989,0.9844,0.4339,0.4586
0.0519,0.2993,0.9844,0.4349,0.459
0.052,0.2996,0.9844,0.4358,0.4594
0.052,0.3,0.9844,0.4368,0.4599
0.0521,0.3004,0.9844,0.4377,0.4603
0.0522,0.3007,0.9844,0.4387,0.4607
0.0524,0.3011,0.9844,0.4397,0.4611
0.053,0.3014,0.9844,0.4406,0.4615
0.053,0.3018,0.9844,0.4416,0.462
0.053,0.3022,0.9844,0.4425,0.4624
0.053,0.3025,0.9844,0.4435,0.4628
0.0537,0.3029,0.9844,0.4444,0.4632
0.0537,0.3032,0.9844,0.4454,0.4637
0.054,0.3036,0.9844,0.4464,0.4641
0.0542,0.304,0.9844,0.4473,0.4645
0.0545,0.3031,0.9805,0.4473,0.4631
0.0547,0.3035,0.9805,0.4483,0.4635
0.055,0.3039,0.9805,0.4492,0.464
0.055,0.3042,0.9805,0.4502,0.4644
0.0552,0.3046,0.9805,0.4511,0.4648
0.0553,0.305,0.9805,0.4521,0.4652
0.0558,0.3054,0.9805,0.4531,0.4657
0.056,0.3057,0.9805,0.454,0.4661
0.0564,0.3061,0.9805,0.455,0.4665
0.0564,0.3065,0.9805,0.4559,0.467
0.0567,0.3068,0.9805,0.4569,0.4674
0.0568,0.3072,0.9805,0.4579,0.4678
0.0571,0.3076,0.9805,0.4588,0.4683
0.0573,0.308,0.9805,0.4598,0.4687
0.0574,0.3084,0.9805,0.4607,0.4692
0.058,0.3087,0.9805,0.4617,0.4696
0.0581,0.3091,0.9805,0.4626,0.47
0.0584,0.3095,0.9805,0.4636,0.4705
0.0584,0.3099,0.9805,0.4646,0.4709
0.0585,0.309,0.9766,0.4646,0.4695
0.0587,0.3094,0.9766,0.4655,0.4699
0.0587,0.3098,0.9766,0.4665,0.4704
0.0588,0.3102,0.9766,0.4674,0.4708
0.059,0.3109,0.9766,0.4693,0.4717
0.0594,0.3113,0.9766,0.4703,0.4721
0.0596,0.3117,0.9766,0.4713,0.4726
0.0597,0.3121,0.9766,0.4722,0.473
0.06,0.3129,0.9766,0.4741,0.4739
0.0602,0.3133,0.9766,0.4751,0.4744
0.0602,0.3137,0.9766,0.4761,0.4748
0.0607,0.3141,0.9766,0.477,0.4753
0.0609,0.3123,0.9688,0.477,0.4724
0.0613,0.3127,0.9688,0.478,0.4728
0.0618,0.3131,0.9688,0.4789,0.4733
0.0619,0.3135,0.9688,0.4799,0.4737
0.0621,0.3139,0.9688,0.4808,0.4742
0.0622,0.3143,0.9688,0.4818,0.4746
0.0624,0.3147,0.9688,0.4828,0.4751
0.0627,0.3151,0.9688,0.4837,0.4756
0.0631,0.3155,0.9688,0.4847,0.476
0.0636,0.3159,0.9688,0.4856,0.4765
0.0639,0.3163,0.9688,0.4866,0.4769
0.064,0.3167,0.9688,0.4875,0.4774
0.064,0.3171,0.9688,0.4885,0.4778
0.0643,0.3175,0.9688,0.4895,0.4783
0.0644,0.3179,0.9688,0.4904,0.4788
0.0646,0.3184,0.9688,0.4914,0.4792
0.0651,0.3188,0.9688,0.4923,0.4797
0.0656,0.3192,0.9688,0.4933,0.4802
0.0658,0.3196,0.9688,0.4943,0.4806
0.0661,0.3187,0.9648,0.4943,0.4791
0.0666,0.3178,0.9609,0.4943,0.4777
0.0669,0.3182,0.9609,0.4952,0.4781
0.0673,0.3187,0.9609,0.4962,0.4786
0.0678,0.3191,0.9609,0.4971,0.4791
0.0679,0.3195,0.9609,0.4981,0.4795
0.0679,0.3199,0.9609,0.499,0.48
0.0682,0.3203,0.9609,0.5,0.4805
0.069,0.3207,0.9609,0.501,0.4809
0.07,0.3211,0.9609,0.5019,0.4814
0.071,0.3216,0.9609,0.5029,0.4819
0.0715,0.322,0.9609,0.5038,0.4824
0.0715,0.3211,0.957,0.5038,0.4809
0.073,0.3215,0.957,0.5048,0.4813
0.0735,0.3219,0.957,0.5057,0.4818
0.0739,0.3224,0.957,0.5067,0.4823
0.0749,0.3228,0.957,0.5077,0.4828
0.0757,0.3232,0.957,0.5086,0.4832
0.0767,0.3236,0.957,0.5096,0.4837
0.077,0.3228,0.9531,0.5096,0.4822
0.0778,0.3232,0.9531,0.5105,0.4827
0.0778,0.3236,0.9531,0.5115,0.4832
0.0778,0.324,0.9531,0.5125,0.4836
0.0779,0.3245,0.9531,0.5134,0.4841
0.0781,0.3249,0.9531,0.5144,0.4846
0.0782,0.3253,0.9531,0.5153,0.4851
0.0782,0.3258,0.9531,0.5163,0.4856
0.0789,0.3262,0.9531,0.5172,0.4861
0.0789,0.3266,0.9531,0.5182,0.4865
0.0791,0.3271,0.9531,0.5192,0.487
0.0792,0.328,0.9531,0.5211,0.488
0.0797,0.3284,0.9531,0.522,0.4885
0.0798,0.3288,0.9531,0.523,0.489
0.0808,0.3293,0.9531,0.5239,0.4895
0.0812,0.3284,0.9492,0.5239,0.488
0.0813,0.3288,0.9492,0.5249,0.4884
0.082,0.3293,0.9492,0.5259,0.4889
0.082,0.3297,0.9492,0.5268,0.4894
0.0823,0.3302,0.9492,0.5278,0.4899
0.0826,0.3306,0.9492,0.5287,0.4904
0.0832,0.3311,0.9492,0.5297,0.4909
0.0833,0.3315,0.9492,0.5307,0.4914
0.0837,0.332,0.9492,0.5316,0.4919
0.0844,0.3324,0.9492,0.5326,0.4924
0.085,0.3329,0.9492,0.5335,0.4929
0.0863,0.3333,0.9492,0.5345,0.4934
0.0863,0.3338,0.9492,0.5354,0.4939
0.0869,0.3343,0.9492,0.5364,0.4944
0.0875,0.3347,0.9492,0.5374,0.4949
0.0877,0.3352,0.9492,0.5383,0.4954
0.0882,0.3356,0.9492,0.5393,0.4959
0.0882,0.3361,0.9492,0.5402,0.4964
0.0885,0.3366,0.9492,0.5412,0.4969
0.0886,0.337,0.9492,0.5421,0.4974
0.0888,0.3375,0.9492,0.5431,0.498
0.089,0.338,0.9492,0.5441,0.4985
0.0891,0.3384,0.9492,0.545,0.499
0.0891,0.3389,0.9492,0.546,0.4995
0.0894,0.3394,0.9492,0.5469,0.5
0.0895,0.3399,0.9492,0.5479,0.5005
0.0896,0.3403,0.9492,0.5489,0.501
0.0898,0.3408,0.9492,0.5498,0.5015
0.0899,0.3413,0.9492,0.5508,0.5021
0.09,0.3418,0.9492,0.5517,0.5026
0.0904,0.3423,0.9492,0.5527,0.5031
0.0904,0.3427,0.9492,0.5536,0.5036
0.0908,0.3418,0.9453,0.5536,0.5021
0.0909,0.3423,0.9453,0.5546,0.5026
0.0909,0.3428,0.9453,0.5556,0.5031
0.0912,0.3433,0.9453,0.5565,0.5036
0.0914,0.3423,0.9414,0.5565,0.5021
0.092,0.3428,0.9414,0.5575,0.5026
0.0921,0.3433,0.9414,0.5584,0.5031
0.0924,0.3438,0.9414,0.5594,0.5037
0.0934,0.3443,0.9414,0.5603,0.5042
0.0934,0.3448,0.9414,0.5613,0.5047
0.0935,0.3453,0.9414,0.5623,0.5052
0.0938,0.3458,0.9414,0.5632,0.5058
0.094,0.3463,0.9414,0.5642,0.5063
0.0946,0.3468,0.9414,0.5651,0.5068
0.0948,0.3473,0.9414,0.5661,0.5074
0.0953,0.3478,0.9414,0.567,0.5079
0.0958,0.3483,0.9414,0.568,0.5084
0.0961,0.3488,0.9414,0.569,0.509
0.0966,0.3493,0.9414,0.5699,0.5095
0.0966,0.3498,0.9414,0.5709,0.5101
0.0968,0.3503,0.9414,0.5718,0.5106
0.0968,0.3508,0.9414,0.5728,0.5111
0.0974,0.3513,0.9414,0.5738,0.5117
0.0975,0.3518,0.9414,0.5747,0.5122
0.0976,0.3523,0.9414,0.5757,0.5128
0.0977,0.3514,0.9375,0.5757,0.5112
0.0979,0.3519,0.9375,0.5766,0.5117
0.0979,0.3524,0.9375,0.5776,0.5123
0.098,0.3535,0.9375,0.5795,0.5134
0.0984,0.354,0.9375,0.5805,0.5139
0.0987,0.3545,0.9375,0.5814,0.5145
0.0992,0.355,0.9375,0.5824,0.515
0.0995,0.3556,0.9375,0.5833,0.5156
0.0996,0.3561,0.9375,0.5843,0.5161
0.1,0.3566,0.9375,0.5852,0.5167
0.1,0.3571,0.9375,0.5862,0.5172
0.1002,0.3577,0.9375,0.5872,0.5178
0.1002,0.3582,0.9375,0.5881,0.5184
0.1018,0.3593,0.9375,0.59,0.5195
0.1025,0.3598,0.9375,0.591,0.52
0.1025,0.3604,0.9375,0.592,0.5206
0.103,0.3609,0.9375,0.5929,0.5212
0.1031,0.3614,0.9375,0.5939,0.5217
0.1035,0.362,0.9375,0.5948,0.5223
0.1035,0.3625,0.9375,0.5958,0.5229
0.1042,0.3631,0.9375,0.5967,0.5234
0.1043,0.3636,0.9375,0.5977,0.524
0.1045,0.3642,0.9375,0.5987,0.5246
0.1046,0.3647,0.9375,0.5996,0.5252
0.1061,0.3659,0.9375,0.6015,0.5263
0.1069,0.3664,0.9375,0.6025,0.5269
0.1069,0.367,0.9375,0.6034,0.5275
0.1074,0.3675,0.9375,0.6044,0.5281
0.1078,0.3681,0.9375,0.6054,0.5286
0.1078,0.3687,0.9375,0.6063,0.5292
0.1083,0.3692,0.9375,0.6073,0.5298
0.1089,0.3698,0.9375,0.6082,0.5304
0.1093,0.3704,0.9375,0.6092,0.531
0.1094,0.3709,0.9375,0.6102,0.5316
0.1095,0.3715,0.9375,0.6111,0.5322
0.11,0.3721,0.9375,0.6121,0.5327
0.1103,0.3727,0.9375,0.613,0.5333
0.1105,0.3733,0.9375,0.614,0.5339
0.1105,0.3738,0.9375,0.6149,0.5345
0.1117,0.375,0.9375,0.6169,0.5357
0.1122,0.3756,0.9375,0.6178,0.5363
0.1126,0.3746,0.9336,0.6178,0.5347
0.1127,0.3752,0.9336,0.6188,0.5353
0.1132,0.3764,0.9336,0.6207,0.5365
0.1132,0.377,0.9336,0.6216,0.5371
0.1133,0.3776,0.9336,0.6226,0.5377
0.1135,0.3782,0.9336,0.6236,0.5383
0.115,0.3788,0.9336,0.6245,0.5389
0.1153,0.3794,0.9336,0.6255,0.5395
0.1154,0.38,0.9336,0.6264,0.5401
0.1157,0.3806,0.9336,0.6274,0.5407
0.1168,0.3812,0.9336,0.6284,0.5413
0.1173,0.3818,0.9336,0.6293,0.542
0.1176,0.3824,0.9336,0.6303,0.5426
0.1188,0.383,0.9336,0.6312,0.5432
0.1196,0.3836,0.9336,0.6322,0.5438
0.1203,0.3842,0.9336,0.6331,0.5444
0.1208,0.3849,0.9336,0.6341,0.545
0.1213,0.3855,0.9336,0.6351,0.5457
0.123,0.3861,0.9336,0.636,0.5463
0.1233,0.3867,0.9336,0.637,0.5469
0.1234,0.3874,0.9336,0.6379,0.5475
0.126,0.388,0.9336,0.6389,0.5482
0.1267,0.3886,0.9336,0.6398,0.5488
0.1275,0.3893,0.9336,0.6408,0.5494
0.1278,0.3899,0.9336,0.6418,0.5501
0.1278,0.3889,0.9297,0.6418,0.5484
0.1282,0.3895,0.9297,0.6427,0.549
0.1296,0.3902,0.9297,0.6437,0.5497
0.131,0.3908,0.9297,0.6446,0.5503
0.1315,0.3914,0.9297,0.6456,0.5509
0.1322,0.3921,0.9297,0.6466,0.5516
0.1322,0.3911,0.9258,0.6466,0.5499
0.1323,0.3917,0.9258,0.6475,0.5505
0.1323,0.3924,0.9258,0.6485,0.5512
0.1328,0.393,0.9258,0.6494,0.5518
0.133,0.3937,0.9258,0.6504,0.5524
0.1333,0.3927,0.9219,0.6504,0.5508
0.1345,0.3933,0.9219,0.6513,0.5514
0.1345,0.394,0.9219,0.6523,0.552
0.1347,0.3946,0.9219,0.6533,0.5527
0.1349,0.3953,0.9219,0.6542,0.5533
0.1356,0.396,0.9219,0.6552,0.554
0.1358,0.3966,0.9219,0.6561,0.5546
0.1366,0.3973,0.9219,0.6571,0.5553
0.137,0.3963,0.918,0.6571,0.5536
0.137,0.3953,0.9141,0.6571,0.5519
0.137,0.3959,0.9141,0.658,0.5525
0.1378,0.3966,0.9141,0.659,0.5532
0.1382,0.3973,0.9141,0.66,0.5538
0.1383,0.398,0.9141,0.6609,0.5545
0.1397,0.3969,0.9102,0.6609,0.5528
0.1402,0.3976,0.9102,0.6619,0.5534
0.1404,0.3983,0.9102,0.6628,0.5541
0.1409,0.399,0.9102,0.6638,0.5548
0.141,0.3997,0.9102,0.6648,0.5554
0.1412,0.4003,0.9102,0.6657,0.5561
0.1416,0.401,0.9102,0.6667,0.5568
0.1423,0.4017,0.9102,0.6676,0.5574
0.1428,0.4024,0.9102,0.6686,0.5581
0.143,0.4014,0.9062,0.6686,0.5564
0.1433,0.4021,0.9062,0.6695,0.557
0.1435,0.4028,0.9062,0.6705,0.5577
0.1444,0.4035,0.9062,0.6715,0.5584
0.1447,0.4042,0.9062,0.6724,0.559
0.1449,0.4049,0.9062,0.6734,0.5597
0.1452,0.4056,0.9062,0.6743,0.5604
0.1464,0.4063,0.9062,0.6753,0.5611
0.1468,0.407,0.9062,0.6762,0.5617
0.1469,0.4077,0.9062,0.6772,0.5624
0.1471,0.4085,0.9062,0.6782,0.5631
0.1472,0.4092,0.9062,0.6791,0.5638
0.1474,0.4099,0.9062,0.6801,0.5645
0.1479,0.4106,0.9062,0.681,0.5652
0.1486,0.4113,0.9062,0.682,0.5659
0.1496,0.4121,0.9062,0.683,0.5665
0.1507,0.4128,0.9062,0.6839,0.5672
0.1509,0.4135,0.9062,0.6849,0.5679
0.1512,0.4143,0.9062,0.6858,0.5686
0.1518,0.415,0.9062,0.6868,0.5693
0.1529,0.4158,0.9062,0.6877,0.57
0.153,0.4165,0.9062,0.6887,0.5707
0.1531,0.4173,0.9062,0.6897,0.5714
0.1536,0.418,0.9062,0.6906,0.5721
0.1537,0.4188,0.9062,0.6916,0.5728
0.154,0.4195,0.9062,0.6925,0.5735
0.1543,0.4203,0.9062,0.6935,0.5743
0.1549,0.4211,0.9062,0.6944,0.575
0.1553,0.4218,0.9062,0.6954,0.5757
0.1554,0.4226,0.9062,0.6964,0.5764
0.1568,0.4234,0.9062,0.6973,0.5771
0.1573,0.4241,0.9062,0.6983,0.5778
0.1578,0.4249,0.9062,0.6992,0.5786
0.1584,0.4257,0.9062,0.7002,0.5793
0.1596,0.4246,0.9023,0.7002,0.5775
0.1601,0.4262,0.9023,0.7021,0.5789
0.1612,0.4251,0.8984,0.7021,0.5772
0.1613,0.4259,0.8984,0.7031,0.5779
0.1629,0.4267,0.8984,0.704,0.5786
0.1634,0.4275,0.8984,0.705,0.5793
0.1637,0.4283,0.8984,0.7059,0.5801
0.164,0.4291,0.8984,0.7069,0.5808
0.1666,0.4299,0.8984,0.7079,0.5815
0.1674,0.4307,0.8984,0.7088,0.5823
0.1681,0.4315,0.8984,0.7098,0.583
0.1696,0.4305,0.8945,0.7098,0.5812
0.17,0.4313,0.8945,0.7107,0.582
0.1705,0.4321,0.8945,0.7117,0.5827
0.171,0.4329,0.8945,0.7126,0.5834
0.1711,0.4337,0.8945,0.7136,0.5842
0.1712,0.4345,0.8945,0.7146,0.5849
0.1723,0.4354,0.8945,0.7155,0.5857
0.1724,0.4362,0.8945,0.7165,0.5864
0.1725,0.437,0.8945,0.7174,0.5872
0.1729,0.4379,0.8945,0.7184,0.5879
0.1733,0.4387,0.8945,0.7193,0.5887
0.174,0.4395,0.8945,0.7203,0.5894
0.1742,0.4385,0.8906,0.7203,0.5876
0.1743,0.4393,0.8906,0.7213,0.5884
0.1745,0.4402,0.8906,0.7222,0.5891
0.1749,0.441,0.8906,0.7232,0.5899
0.1751,0.4419,0.8906,0.7241,0.5907
0.1751,0.4427,0.8906,0.7251,0.5914
0.176,0.4436,0.8906,0.7261,0.5922
0.1763,0.4444,0.8906,0.727,0.593
0.1773,0.4453,0.8906,0.728,0.5938
0.1773,0.4462,0.8906,0.7289,0.5945
0.1796,0.4471,0.8906,0.7299,0.5953
0.1801,0.446,0.8867,0.7299,0.5935
0.1804,0.4469,0.8867,0.7308,0.5942
0.1808,0.4477,0.8867,0.7318,0.595
0.1809,0.4486,0.8867,0.7328,0.5958
0.1813,0.4495,0.8867,0.7337,0.5966
0.1825,0.4513,0.8867,0.7356,0.5982
0.1835,0.4522,0.8867,0.7366,0.5989
0.1857,0.4531,0.8867,0.7375,0.5997
0.1862,0.454,0.8867,0.7385,0.6005
0.1879,0.4549,0.8867,0.7395,0.6013
0.1879,0.4567,0.8867,0.7414,0.6029
0.1897,0.4577,0.8867,0.7423,0.6037
0.1899,0.4586,0.8867,0.7433,0.6045
0.1911,0.4595,0.8867,0.7443,0.6053
0.1916,0.4604,0.8867,0.7452,0.6061
0.192,0.4614,0.8867,0.7462,0.607
0.1932,0.4623,0.8867,0.7471,0.6078
0.1934,0.4633,0.8867,0.7481,0.6086
0.1942,0.4642,0.8867,0.749,0.6094
0.1943,0.4631,0.8828,0.749,0.6075
0.1948,0.4641,0.8828,0.75,0.6083
0.195,0.465,0.8828,0.751,0.6092
0.1967,0.466,0.8828,0.7519,0.61
0.1968,0.4669,0.8828,0.7529,0.6108
0.1971,0.4679,0.8828,0.7538,0.6116
0.1981,0.4689,0.8828,0.7548,0.6125
0.1983,0.4699,0.8828,0.7557,0.6133
0.1985,0.4708,0.8828,0.7567,0.6141
0.2036,0.4718,0.8828,0.7577,0.615
0.2041,0.4728,0.8828,0.7586,0.6158
0.2041,0.4738,0.8828,0.7596,0.6166
0.205,0.4748,0.8828,0.7605,0.6175
0.2052,0.4758,0.8828,0.7615,0.6183
0.209,0.4768,0.8828,0.7625,0.6192
0.2094,0.4778,0.8828,0.7634,0.62
0.2105,0.4767,0.8789,0.7634,0.6181
0.2107,0.4777,0.8789,0.7644,0.619
0.2117,0.4787,0.8789,0.7653,0.6198
0.2118,0.4797,0.8789,0.7663,0.6207
0.2128,0.4818,0.8789,0.7682,0.6224
0.2131,0.4828,0.8789,0.7692,0.6233
0.2138,0.4839,0.8789,0.7701,0.6241
0.2147,0.4849,0.8789,0.7711,0.625
0.2158,0.486,0.8789,0.772,0.6259
0.216,0.487,0.8789,0.773,0.6267
0.2163,0.4881,0.8789,0.7739,0.6276
0.2163,0.4891,0.8789,0.7749,0.6285
0.2166,0.4902,0.8789,0.7759,0.6294
0.2167,0.4913,0.8789,0.7768,0.6303
0.2177,0.4923,0.8789,0.7778,0.6311
0.2194,0.4934,0.8789,0.7787,0.632
0.2199,0.4945,0.8789,0.7797,0.6329
0.22,0.4956,0.8789,0.7807,0.6338
0.2202,0.4967,0.8789,0.7816,0.6347
0.2212,0.4989,0.8789,0.7835,0.6365
0.2215,0.4978,0.875,0.7835,0.6346
0.2229,0.4967,0.8711,0.7835,0.6326
0.2231,0.4978,0.8711,0.7845,0.6335
0.2236,0.4989,0.8711,0.7854,0.6344
0.2252,0.5,0.8711,0.7864,0.6353
0.2268,0.4989,0.8672,0.7864,0.6334
0.228,0.5,0.8672,0.7874,0.6343
0.2295,0.5011,0.8672,0.7883,0.6352
0.23,0.5023,0.8672,0.7893,0.6361
0.2326,0.5034,0.8672,0.7902,0.637
0.2327,0.5045,0.8672,0.7912,0.6379
0.2337,0.5057,0.8672,0.7921,0.6388
0.2344,0.5068,0.8672,0.7931,0.6398
0.2344,0.508,0.8672,0.7941,0.6407
0.2346,0.5092,0.8672,0.795,0.6416
0.2362,0.5103,0.8672,0.796,0.6425
0.2378,0.5092,0.8633,0.796,0.6406
0.238,0.5104,0.8633,0.7969,0.6415
0.2396,0.5116,0.8633,0.7979,0.6424
0.2397,0.5128,0.8633,0.7989,0.6434
0.2407,0.514,0.8633,0.7998,0.6443
0.2409,0.5128,0.8594,0.7998,0.6423
0.241,0.5117,0.8555,0.7998,0.6404
0.2424,0.5129,0.8555,0.8008,0.6413
0.2455,0.5141,0.8555,0.8017,0.6422
0.2456,0.5153,0.8555,0.8027,0.6432
0.2483,0.5165,0.8555,0.8036,0.6441
0.2483,0.5154,0.8516,0.8036,0.6421
0.2491,0.5178,0.8516,0.8056,0.644
0.2502,0.519,0.8516,0.8065,0.645
0.2511,0.5203,0.8516,0.8075,0.6459
0.2516,0.5215,0.8516,0.8084,0.6469
0.2561,0.5228,0.8516,0.8094,0.6478
0.258,0.524,0.8516,0.8103,0.6488
0.2586,0.5253,0.8516,0.8113,0.6498
0.2587,0.5266,0.8516,0.8123,0.6507
0.2588,0.5291,0.8516,0.8142,0.6527
0.2599,0.528,0.8477,0.8142,0.6507
0.2602,0.5293,0.8477,0.8151,0.6517
0.2603,0.5281,0.8438,0.8151,0.6496
0.2617,0.527,0.8398,0.8151,0.6476
0.2618,0.5283,0.8398,0.8161,0.6486
0.262,0.5296,0.8398,0.817,0.6495
0.2627,0.5309,0.8398,0.818,0.6505
0.2628,0.5322,0.8398,0.819,0.6515
0.2637,0.531,0.8359,0.819,0.6495
0.2641,0.5323,0.8359,0.8199,0.6505
0.2649,0.5337,0.8359,0.8209,0.6514
0.265,0.535,0.8359,0.8218,0.6524
0.2651,0.5363,0.8359,0.8228,0.6534
0.2668,0.5377,0.8359,0.8238,0.6544
0.2668,0.539,0.8359,0.8247,0.6554
0.2673,0.5404,0.8359,0.8257,0.6564
0.2679,0.5392,0.832,0.8257,0.6544
0.2683,0.5406,0.832,0.8266,0.6554
0.2697,0.542,0.832,0.8276,0.6564
0.2734,0.5434,0.832,0.8285,0.6574
0.2745,0.541,0.8242,0.8285,0.6533
0.2747,0.5424,0.8242,0.8295,0.6543
0.2757,0.5438,0.8242,0.8305,0.6553
0.2814,0.5452,0.8242,0.8314,0.6563
0.2821,0.5466,0.8242,0.8324,0.6573
0.2833,0.5455,0.8203,0.8324,0.6552
0.2863,0.5469,0.8203,0.8333,0.6562
0.2864,0.5483,0.8203,0.8343,0.6573
0.287,0.5497,0.8203,0.8352,0.6583
0.2872,0.5512,0.8203,0.8362,0.6593
0.2873,0.55,0.8164,0.8362,0.6572
0.2883,0.5515,0.8164,0.8372,0.6583
0.2887,0.5529,0.8164,0.8381,0.6593
0.2908,0.5517,0.8125,0.8381,0.6572
0.2917,0.5505,0.8086,0.8381,0.6551
0.2929,0.552,0.8086,0.8391,0.6561
0.2937,0.5535,0.8086,0.84,0.6571
0.2945,0.555,0.8086,0.841,0.6582
0.2961,0.5565,0.8086,0.842,0.6592
0.2966,0.5553,0.8047,0.842,0.6571
0.2966,0.5568,0.8047,0.8429,0.6581
0.2982,0.5583,0.8047,0.8439,0.6592
0.299,0.5598,0.8047,0.8448,0.6603
0.2992,0.5613,0.8047,0.8458,0.6613
0.2992,0.5601,0.8008,0.8458,0.6592
0.2999,0.5589,0.7969,0.8458,0.657
0.302,0.562,0.7969,0.8477,0.6591
0.3037,0.5635,0.7969,0.8487,0.6602
0.3037,0.5651,0.7969,0.8496,0.6613
0.3041,0.5639,0.793,0.8496,0.6591
0.3042,0.5627,0.7891,0.8496,0.6569
0.3048,0.5642,0.7891,0.8506,0.658
0.3052,0.5658,0.7891,0.8515,0.6591
0.3076,0.5674,0.7891,0.8525,0.6601
0.3081,0.569,0.7891,0.8534,0.6612
0.3088,0.5706,0.7891,0.8544,0.6623
0.3099,0.5722,0.7891,0.8554,0.6634
0.3119,0.5739,0.7891,0.8563,0.6645
0.3124,0.5755,0.7891,0.8573,0.6656
0.3159,0.5771,0.7891,0.8582,0.6667
0.3163,0.5788,0.7891,0.8592,0.6678
0.318,0.5805,0.7891,0.8602,0.6689
0.318,0.5821,0.7891,0.8611,0.67
0.3181,0.5838,0.7891,0.8621,0.6711
0.3184,0.5855,0.7891,0.863,0.6722
0.3196,0.5843,0.7852,0.863,0.67
0.3202,0.5831,0.7812,0.863,0.6678
0.3207,0.5819,0.7773,0.863,0.6656
0.3208,0.5836,0.7773,0.864,0.6667
0.3212,0.5824,0.7734,0.864,0.6644
0.3242,0.5841,0.7734,0.8649,0.6655
0.325,0.5858,0.7734,0.8659,0.6667
0.3255,0.5846,0.7695,0.8659,0.6644
0.3256,0.5863,0.7695,0.8669,0.6655
0.3263,0.5851,0.7656,0.8669,0.6633
0.3264,0.5838,0.7617,0.8669,0.661
0.3264,0.5856,0.7617,0.8678,0.6621
0.327,0.5873,0.7617,0.8688,0.6633
0.3274,0.5891,0.7617,0.8697,0.6644
0.3285,0.5909,0.7617,0.8707,0.6655
0.3285,0.5927,0.7617,0.8716,0.6667
0.3305,0.5945,0.7617,0.8726,0.6678
0.3348,0.5933,0.7578,0.8726,0.6655
0.339,0.5951,0.7578,0.8736,0.6667
0.3415,0.5969,0.7578,0.8745,0.6678
0.3423,0.5988,0.7578,0.8755,0.669
0.3434,0.6006,0.7578,0.8764,0.6701
0.3438,0.6025,0.7578,0.8774,0.6713
0.3445,0.6012,0.7539,0.8774,0.669
0.3449,0.6031,0.7539,0.8784,0.6701
0.3451,0.605,0.7539,0.8793,0.6713
0.3453,0.6069,0.7539,0.8803,0.6725
0.3461,0.6088,0.7539,0.8812,0.6736
0.3466,0.6108,0.7539,0.8822,0.6748
0.348,0.6127,0.7539,0.8831,0.676
0.3482,0.6146,0.7539,0.8841,0.6772
0.3483,0.6134,0.75,0.8841,0.6749
0.3494,0.6154,0.75,0.8851,0.6761
0.35,0.6174,0.75,0.886,0.6772
0.3536,0.6194,0.75,0.887,0.6784
0.3541,0.6181,0.7461,0.887,0.6761
0.356,0.6201,0.7461,0.8879,0.6773
0.356,0.6176,0.7383,0.8879,0.6726
0.3564,0.6197,0.7383,0.8889,0.6738
0.3576,0.6217,0.7383,0.8898,0.675
0.3587,0.6205,0.7344,0.8898,0.6726
0.3594,0.6225,0.7344,0.8908,0.6738
0.3608,0.6246,0.7344,0.8918,0.675
0.3618,0.6233,0.7305,0.8918,0.6727
0.3628,0.6254,0.7305,0.8927,0.6739
0.3634,0.6242,0.7266,0.8927,0.6715
0.3643,0.6263,0.7266,0.8937,0.6727
0.3647,0.6284,0.7266,0.8946,0.6739
0.365,0.6305,0.7266,0.8956,0.6751
0.3683,0.6327,0.7266,0.8966,0.6764
0.3687,0.6314,0.7227,0.8966,0.674
0.3709,0.6301,0.7188,0.8966,0.6715
0.3717,0.6323,0.7188,0.8975,0.6728
0.3721,0.6345,0.7188,0.8985,0.674
0.3731,0.6367,0.7188,0.8994,0.6752
0.3755,0.6354,0.7148,0.8994,0.6728
0.3761,0.6376,0.7148,0.9004,0.674
0.3777,0.6399,0.7148,0.9013,0.6753
0.383,0.6421,0.7148,0.9023,0.6765
0.3846,0.6408,0.7109,0.9023,0.6741
0.3847,0.6431,0.7109,0.9033,0.6753
0.3926,0.6454,0.7109,0.9042,0.6766
0.3936,0.6441,0.707,0.9042,0.6741
0.3942,0.6464,0.707,0.9052,0.6754
0.3961,0.6487,0.707,0.9061,0.6766
0.3961,0.6475,0.7031,0.9061,0.6742
0.3962,0.6498,0.7031,0.9071,0.6754
0.3964,0.6545,0.7031,0.909,0.678
0.3965,0.6569,0.7031,0.91,0.6792
0.3976,0.6593,0.7031,0.9109,0.6805
0.3986,0.6618,0.7031,0.9119,0.6818
0.399,0.6642,0.7031,0.9128,0.6831
0.3991,0.6667,0.7031,0.9138,0.6844
0.3999,0.6691,0.7031,0.9148,0.6857
0.4003,0.6716,0.7031,0.9157,0.687
0.4005,0.6704,0.6992,0.9157,0.6845
0.4006,0.6729,0.6992,0.9167,0.6858
0.4023,0.6755,0.6992,0.9176,0.6871
0.4051,0.678,0.6992,0.9186,0.6885
0.4083,0.6768,0.6953,0.9186,0.6859
0.4089,0.6794,0.6953,0.9195,0.6873
0.4098,0.682,0.6953,0.9205,0.6886
0.4099,0.6808,0.6914,0.9205,0.686
0.4111,0.6834,0.6914,0.9215,0.6874
0.4119,0.686,0.6914,0.9224,0.6887
0.4131,0.6848,0.6875,0.9224,0.6862
0.4142,0.6875,0.6875,0.9234,0.6875
0.4151,0.6902,0.6875,0.9243,0.6888
0.4163,0.689,0.6836,0.9243,0.6863
0.4176,0.6944,0.6836,0.9262,0.689
0.4201,0.6972,0.6836,0.9272,0.6903
0.4208,0.7,0.6836,0.9282,0.6917
0.4216,0.6988,0.6797,0.9282,0.6891
0.4229,0.6976,0.6758,0.9282,0.6865
0.423,0.7004,0.6758,0.9291,0.6879
0.4257,0.7033,0.6758,0.9301,0.6892
0.4263,0.7061,0.6758,0.931,0.6906
0.4272,0.709,0.6758,0.932,0.692
0.4287,0.7119,0.6758,0.933,0.6934
0.4288,0.7149,0.6758,0.9339,0.6948
0.4296,0.7137,0.6719,0.9339,0.6922
0.4307,0.7167,0.6719,0.9349,0.6935
0.4361,0.7155,0.668,0.9349,0.6909
0.4364,0.7185,0.668,0.9358,0.6923
0.4378,0.7215,0.668,0.9368,0.6937
0.438,0.7246,0.668,0.9377,0.6951
0.4399,0.7277,0.668,0.9387,0.6965
0.4403,0.7265,0.6641,0.9387,0.6939
0.4409,0.7296,0.6641,0.9397,0.6953
0.4418,0.7284,0.6602,0.9397,0.6926
0.4429,0.7273,0.6562,0.9397,0.6899
0.4461,0.7304,0.6562,0.9406,0.6914
0.4473,0.7336,0.6562,0.9416,0.6928
0.4482,0.7368,0.6562,0.9425,0.6942
0.4562,0.7401,0.6562,0.9435,0.6957
0.459,0.7389,0.6523,0.9435,0.6929
0.4609,0.7422,0.6523,0.9444,0.6944
0.4609,0.7411,0.6484,0.9444,0.6917
0.4626,0.7399,0.6445,0.9444,0.6889
0.4631,0.7432,0.6445,0.9454,0.6904
0.4638,0.7421,0.6406,0.9454,0.6876
0.4691,0.7409,0.6367,0.9454,0.6849
0.4714,0.7443,0.6367,0.9464,0.6863
0.4752,0.7477,0.6367,0.9473,0.6878
0.4762,0.7465,0.6328,0.9473,0.685
0.4764,0.7454,0.6289,0.9473,0.6822
0.4766,0.7442,0.625,0.9473,0.6794
0.4767,0.743,0.6211,0.9473,0.6766
0.4769,0.7465,0.6211,0.9483,0.678
0.4783,0.75,0.6211,0.9492,0.6795
0.4834,0.7488,0.6172,0.9492,0.6767
0.4843,0.7524,0.6172,0.9502,0.6781
0.486,0.7512,0.6133,0.9502,0.6753
0.4869,0.75,0.6094,0.9502,0.6724
0.4873,0.7536,0.6094,0.9511,0.6739
0.494,0.7524,0.6055,0.9511,0.671
0.4974,0.7561,0.6055,0.9521,0.6725
0.4979,0.7549,0.6016,0.9521,0.6696
0.4982,0.7537,0.5977,0.9521,0.6667
0.4997,0.7574,0.5977,0.9531,0.6681
0.5011,0.7562,0.5938,0.9531,0.6652
0.5017,0.76,0.5938,0.954,0.6667
0.5054,0.7638,0.5938,0.955,0.6681
0.5064,0.7677,0.5938,0.9559,0.6696
0.5067,0.7665,0.5898,0.9559,0.6667
0.5093,0.7653,0.5859,0.9559,0.6637
0.5128,0.7692,0.5859,0.9569,0.6652
0.517,0.7732,0.5859,0.9579,0.6667
0.5173,0.7772,0.5859,0.9588,0.6682
0.5175,0.776,0.582,0.9588,0.6652
0.5181,0.7801,0.582,0.9598,0.6667
0.5226,0.7842,0.582,0.9607,0.6682
0.5253,0.7884,0.582,0.9617,0.6697
0.537,0.7926,0.582,0.9626,0.6712
0.5381,0.7914,0.5781,0.9626,0.6682
0.5413,0.7903,0.5742,0.9626,0.6652
0.5454,0.7946,0.5742,0.9636,0.6667
0.5457,0.7989,0.5742,0.9646,0.6682
0.5586,0.7978,0.5703,0.9646,0.6651
0.5613,0.8022,0.5703,0.9655,0.6667
0.5624,0.8066,0.5703,0.9665,0.6682
0.5625,0.8111,0.5703,0.9674,0.6697
0.5639,0.8156,0.5703,0.9684,0.6713
0.5643,0.8146,0.5664,0.9684,0.6682
0.5646,0.8136,0.5625,0.9684,0.6651
0.5653,0.8125,0.5586,0.9684,0.662
0.5708,0.8114,0.5547,0.9684,0.6589
0.5772,0.8103,0.5508,0.9684,0.6558
0.5775,0.8092,0.5469,0.9684,0.6527
0.5779,0.814,0.5469,0.9693,0.6542
0.578,0.8129,0.543,0.9693,0.6511
0.579,0.8118,0.5391,0.9693,0.6479
0.5792,0.8166,0.5391,0.9703,0.6494
0.5804,0.8214,0.5391,0.9713,0.6509
0.5813,0.8204,0.5352,0.9713,0.6478
0.5823,0.8193,0.5312,0.9713,0.6445
0.5848,0.8242,0.5312,0.9722,0.6461
0.5876,0.8232,0.5273,0.9722,0.6429
0.5906,0.8282,0.5273,0.9732,0.6444
0.5967,0.8272,0.5234,0.9732,0.6411
0.5993,0.8323,0.5234,0.9741,0.6427
0.6,0.8302,0.5156,0.9741,0.6361
0.6036,0.8291,0.5117,0.9741,0.6329
0.6039,0.828,0.5078,0.9741,0.6295
0.6066,0.8333,0.5078,0.9751,0.6311
0.6072,0.8387,0.5078,0.9761,0.6326
0.6086,0.8442,0.5078,0.977,0.6341
0.6101,0.8431,0.5039,0.977,0.6308
0.6104,0.8487,0.5039,0.978,0.6324
0.6113,0.8543,0.5039,0.9789,0.6339
0.6118,0.86,0.5039,0.9799,0.6355
0.6136,0.8591,0.5,0.9799,0.6321
0.6149,0.8581,0.4961,0.9799,0.6287
0.6173,0.8571,0.4922,0.9799,0.6253
0.619,0.8562,0.4883,0.9799,0.6219
0.6198,0.8552,0.4844,0.9799,0.6185
0.622,0.8542,0.4805,0.9799,0.615
0.6239,0.8601,0.4805,0.9808,0.6165
0.6249,0.8592,0.4766,0.9808,0.6131
0.6264,0.8582,0.4727,0.9808,0.6096
0.6268,0.8571,0.4688,0.9808,0.6061
0.6273,0.8561,0.4648,0.9808,0.6025
0.629,0.8623,0.4648,0.9818,0.6041
0.6292,0.8613,0.4609,0.9818,0.6005
0.6303,0.8676,0.4609,0.9828,0.602
0.6326,0.8741,0.4609,0.9837,0.6036
0.6371,0.8731,0.457,0.9837,0.6
0.6373,0.8797,0.457,0.9847,0.6015
0.6444,0.8864,0.457,0.9856,0.6031
0.6485,0.8855,0.4531,0.9856,0.5995
0.6488,0.8846,0.4492,0.9856,0.5959
0.6521,0.8837,0.4453,0.9856,0.5922
0.6537,0.8906,0.4453,0.9866,0.5938
0.6559,0.8898,0.4414,0.9866,0.5901
0.6587,0.8889,0.4375,0.9866,0.5864
0.6615,0.888,0.4336,0.9866,0.5827
0.6631,0.9024,0.4336,0.9885,0.5858
0.6637,0.9016,0.4297,0.9885,0.582
0.6657,0.9091,0.4297,0.9895,0.5836
0.6664,0.9083,0.4258,0.9895,0.5798
0.6669,0.9076,0.4219,0.9895,0.576
0.6746,0.9068,0.418,0.9895,0.5722
0.6755,0.906,0.4141,0.9895,0.5684
0.6814,0.9052,0.4102,0.9895,0.5645
0.682,0.9035,0.4023,0.9895,0.5568
0.6849,0.9027,0.3984,0.9895,0.5528
0.6852,0.9018,0.3945,0.9895,0.5489
0.6871,0.9009,0.3906,0.9895,0.545
0.6875,0.9091,0.3906,0.9904,0.5464
0.6922,0.9083,0.3867,0.9904,0.5425
0.6941,0.9074,0.3828,0.9904,0.5385
0.7029,0.9065,0.3789,0.9904,0.5344
0.704,0.9057,0.375,0.9904,0.5304
0.7069,0.9048,0.3711,0.9904,0.5263
0.7092,0.9135,0.3711,0.9914,0.5278
0.7126,0.9126,0.3672,0.9914,0.5237
0.7145,0.9118,0.3633,0.9914,0.5196
0.7169,0.9208,0.3633,0.9923,0.521
0.72,0.92,0.3594,0.9923,0.5169
0.7204,0.9192,0.3555,0.9923,0.5127
0.7228,0.9184,0.3516,0.9923,0.5085
0.7263,0.9175,0.3477,0.9923,0.5042
0.7298,0.9167,0.3438,0.9923,0.5
0.7303,0.9263,0.3438,0.9933,0.5014
0.7344,0.9255,0.3398,0.9933,0.4971
0.7363,0.9247,0.3359,0.9933,0.4928
0.7369,0.9239,0.332,0.9933,0.4885
0.7384,0.9231,0.3281,0.9933,0.4841
0.7398,0.9222,0.3242,0.9933,0.4798
0.7405,0.9213,0.3203,0.9933,0.4754
0.7408,0.9205,0.3164,0.9933,0.4709
0.7449,0.9195,0.3125,0.9933,0.4665
0.7463,0.9186,0.3086,0.9933,0.462
0.7474,0.9176,0.3047,0.9933,0.4575
0.751,0.9286,0.3047,0.9943,0.4588
0.7523,0.9277,0.3008,0.9943,0.4543
0.7538,0.939,0.3008,0.9952,0.4556
0.7653,0.9383,0.2969,0.9952,0.451
0.7663,0.9375,0.293,0.9952,0.4464
0.7687,0.9367,0.2891,0.9952,0.4418
0.7723,0.9359,0.2852,0.9952,0.4371
0.7772,0.9351,0.2812,0.9952,0.4324
0.7803,0.9342,0.2773,0.9952,0.4277
0.7813,0.9333,0.2734,0.9952,0.423
0.7817,0.9324,0.2695,0.9952,0.4182
0.7843,0.9452,0.2695,0.9962,0.4195
0.7862,0.9444,0.2656,0.9962,0.4146
0.7863,0.9437,0.2617,0.9962,0.4098
0.7866,0.942,0.2539,0.9962,0.4
0.7867,0.9412,0.25,0.9962,0.3951
0.7871,0.9403,0.2461,0.9962,0.3901
0.7874,0.9394,0.2422,0.9962,0.3851
0.7912,0.9385,0.2383,0.9962,0.3801
0.7944,0.9531,0.2383,0.9971,0.3812
0.8007,0.9524,0.2344,0.9971,0.3762
0.8017,0.9516,0.2305,0.9971,0.3711
0.8047,0.9508,0.2266,0.9971,0.3659
0.8082,0.95,0.2227,0.9971,0.3608
0.8117,0.9492,0.2188,0.9971,0.3556
0.8118,0.9483,0.2148,0.9971,0.3503
0.8174,0.9474,0.2109,0.9971,0.345
0.8185,0.9464,0.207,0.9971,0.3397
0.8216,0.9455,0.2031,0.9971,0.3344
0.823,0.9444,0.1992,0.9971,0.329
0.8236,0.9434,0.1953,0.9971,0.3236
0.8277,0.9615,0.1953,0.9981,0.3247
0.8295,0.9608,0.1914,0.9981,0.3192
0.8295,0.96,0.1875,0.9981,0.3137
0.8297,0.9592,0.1836,0.9981,0.3082
0.8319,0.9583,0.1797,0.9981,0.3026
0.8345,0.9574,0.1758,0.9981,0.297
0.8374,0.9783,0.1758,0.999,0.298
0.8397,0.9778,0.1719,0.999,0.2924
0.8505,0.9773,0.168,0.999,0.2867
0.8513,0.9767,0.1641,0.999,0.2809
0.852,0.9762,0.1602,0.999,0.2752
0.8526,0.9756,0.1562,0.999,0.2694
0.8612,1.0,0.1562,1.0,0.2703
0.8635,1.0,0.1523,1.0,0.2644
0.8667,1.0,0.1484,1.0,0.2585
0.8692,1.0,0.1445,1.0,0.2526
0.8712,1.0,0.1367,1.0,0.2405
0.8739,1.0,0.1328,1.0,0.2345
0.8769,1.0,0.1289,1.0,0.2284
0.8796,1.0,0.125,1.0,0.2222
0.8821,1.0,0.1211,1.0,0.216
0.8869,1.0,0.1172,1.0,0.2098
0.8875,1.0,0.1094,1.0,0.1972
0.8911,1.0,0.1055,1.0,0.1908
0.8939,1.0,0.1016,1.0,0.1844
0.9018,1.0,0.0977,1.0,0.1779
0.9051,1.0,0.0938,1.0,0.1714
0.907,1.0,0.0898,1.0,0.1649
0.9071,1.0,0.0859,1.0,0.1583
0.9123,1.0,0.082,1.0,0.1516
0.9143,1.0,0.0781,1.0,0.1449
0.9147,1.0,0.0742,1.0,0.1382
0.9211,1.0,0.0703,1.0,0.1314
0.9316,1.0,0.0664,1.0,0.1245
0.9324,1.0,0.0625,1.0,0.1176
0.9338,1.0,0.0586,1.0,0.1107
0.954,1.0,0.0547,1.0,0.1037
0.9597,1.0,0.0508,1.0,0.0967
0.9629,1.0,0.043,1.0,0.0824
0.9631,1.0,0.0391,1.0,0.0752
0.9715,1.0,0.0352,1.0,0.0679
0.9745,1.0,0.0312,1.0,0.0606
0.9807,1.0,0.0234,1.0,0.0458
0.9972,1.0,0.0156,1.0,0.0308
0.998,1.0,0.0117,1.0,0.0232
0.9991,1.0,0.0078,1.0,0.0155
